PC_1;ProcessChain1;urn:stakeholders:1;DummySupplierName1
PC_2;ProcessChain2;urn:stakeholders:2;DummySupplierName2
PC_3;ProcessChain3;urn:stakeholders:3;DummySupplierName3
PC_4;ProcessChain4;urn:stakeholders:4;DummySupplierName4
PC_5;ProcessChain5;urn:stakeholders:5;DummySupplierName5
PC_6;ProcessChain6;urn:stakeholders:6;DummySupplierName6
PC_7;ProcessChain7;urn:stakeholders:7;DummySupplierName7
PC_8;ProcessChain8;urn:stakeholders:8;DummySupplierName8
PC_9;ProcessChain9;urn:stakeholders:9;DummySupplierName9
PC_10;ProcessChain10;urn:stakeholders:10;DummySupplierName10
PC_11;ProcessChain11;urn:stakeholders:11;DummySupplierName11
PC_12;ProcessChain12;urn:stakeholders:12;DummySupplierName12
PC_13;ProcessChain13;urn:stakeholders:13;DummySupplierName13
PC_14;ProcessChain14;urn:stakeholders:14;DummySupplierName14
PC_15;ProcessChain15;urn:stakeholders:15;DummySupplierName15
PC_16;ProcessChain16;urn:stakeholders:16;DummySupplierName16
PC_17;ProcessChain17;urn:stakeholders:17;DummySupplierName17
PC_18;ProcessChain18;urn:stakeholders:18;DummySupplierName18
PC_19;ProcessChain19;urn:stakeholders:19;DummySupplierName19
PC_20;ProcessChain20;urn:stakeholders:20;DummySupplierName20
PC_21;ProcessChain21;urn:stakeholders:21;DummySupplierName21
PC_22;ProcessChain22;urn:stakeholders:22;DummySupplierName22
PC_23;ProcessChain23;urn:stakeholders:23;DummySupplierName23
PC_24;ProcessChain24;urn:stakeholders:24;DummySupplierName24
PC_25;ProcessChain25;urn:stakeholders:25;DummySupplierName25
PC_26;ProcessChain26;urn:stakeholders:26;DummySupplierName26
PC_27;ProcessChain27;urn:stakeholders:27;DummySupplierName27
PC_28;ProcessChain28;urn:stakeholders:28;DummySupplierName28
PC_29;ProcessChain29;urn:stakeholders:29;DummySupplierName29
PC_30;ProcessChain30;urn:stakeholders:30;DummySupplierName30
PC_31;ProcessChain31;urn:stakeholders:31;DummySupplierName31
PC_32;ProcessChain32;urn:stakeholders:32;DummySupplierName32
PC_33;ProcessChain33;urn:stakeholders:33;DummySupplierName33
PC_34;ProcessChain34;urn:stakeholders:34;DummySupplierName34
PC_35;ProcessChain35;urn:stakeholders:35;DummySupplierName35
PC_36;ProcessChain36;urn:stakeholders:36;DummySupplierName36
PC_37;ProcessChain37;urn:stakeholders:37;DummySupplierName37
PC_38;ProcessChain38;urn:stakeholders:38;DummySupplierName38
PC_39;ProcessChain39;urn:stakeholders:39;DummySupplierName39
PC_40;ProcessChain40;urn:stakeholders:40;DummySupplierName40
PC_41;ProcessChain41;urn:stakeholders:41;DummySupplierName41
PC_42;ProcessChain42;urn:stakeholders:42;DummySupplierName42
PC_43;ProcessChain43;urn:stakeholders:43;DummySupplierName43
PC_44;ProcessChain44;urn:stakeholders:44;DummySupplierName44
PC_45;ProcessChain45;urn:stakeholders:45;DummySupplierName45
PC_46;ProcessChain46;urn:stakeholders:46;DummySupplierName46
PC_47;ProcessChain47;urn:stakeholders:47;DummySupplierName47
PC_48;ProcessChain48;urn:stakeholders:48;DummySupplierName48
PC_49;ProcessChain49;urn:stakeholders:49;DummySupplierName49
PC_50;ProcessChain50;urn:stakeholders:50;DummySupplierName50
PC_51;ProcessChain51;urn:stakeholders:51;DummySupplierName51
PC_52;ProcessChain52;urn:stakeholders:52;DummySupplierName52
PC_53;ProcessChain53;urn:stakeholders:53;DummySupplierName53
PC_54;ProcessChain54;urn:stakeholders:54;DummySupplierName54
PC_55;ProcessChain55;urn:stakeholders:55;DummySupplierName55
PC_56;ProcessChain56;urn:stakeholders:56;DummySupplierName56
PC_57;ProcessChain57;urn:stakeholders:57;DummySupplierName57
PC_58;ProcessChain58;urn:stakeholders:58;DummySupplierName58
PC_59;ProcessChain59;urn:stakeholders:59;DummySupplierName59
PC_60;ProcessChain60;urn:stakeholders:60;DummySupplierName60
PC_61;ProcessChain61;urn:stakeholders:61;DummySupplierName61
PC_62;ProcessChain62;urn:stakeholders:62;DummySupplierName62
PC_63;ProcessChain63;urn:stakeholders:63;DummySupplierName63
PC_64;ProcessChain64;urn:stakeholders:64;DummySupplierName64
PC_65;ProcessChain65;urn:stakeholders:65;DummySupplierName65
PC_66;ProcessChain66;urn:stakeholders:66;DummySupplierName66
PC_67;ProcessChain67;urn:stakeholders:67;DummySupplierName67
PC_68;ProcessChain68;urn:stakeholders:68;DummySupplierName68
PC_69;ProcessChain69;urn:stakeholders:69;DummySupplierName69
PC_70;ProcessChain70;urn:stakeholders:70;DummySupplierName70
PC_71;ProcessChain71;urn:stakeholders:71;DummySupplierName71
PC_72;ProcessChain72;urn:stakeholders:72;DummySupplierName72
PC_73;ProcessChain73;urn:stakeholders:73;DummySupplierName73
PC_74;ProcessChain74;urn:stakeholders:74;DummySupplierName74
PC_75;ProcessChain75;urn:stakeholders:75;DummySupplierName75
PC_76;ProcessChain76;urn:stakeholders:76;DummySupplierName76
PC_77;ProcessChain77;urn:stakeholders:77;DummySupplierName77
PC_78;ProcessChain78;urn:stakeholders:78;DummySupplierName78
PC_79;ProcessChain79;urn:stakeholders:79;DummySupplierName79
PC_80;ProcessChain80;urn:stakeholders:80;DummySupplierName80
PC_81;ProcessChain81;urn:stakeholders:81;DummySupplierName81
PC_82;ProcessChain82;urn:stakeholders:82;DummySupplierName82
PC_83;ProcessChain83;urn:stakeholders:83;DummySupplierName83
PC_84;ProcessChain84;urn:stakeholders:84;DummySupplierName84
PC_85;ProcessChain85;urn:stakeholders:85;DummySupplierName85
PC_86;ProcessChain86;urn:stakeholders:86;DummySupplierName86
PC_87;ProcessChain87;urn:stakeholders:87;DummySupplierName87
PC_88;ProcessChain88;urn:stakeholders:88;DummySupplierName88
PC_89;ProcessChain89;urn:stakeholders:89;DummySupplierName89
PC_90;ProcessChain90;urn:stakeholders:90;DummySupplierName90
PC_91;ProcessChain91;urn:stakeholders:91;DummySupplierName91
PC_92;ProcessChain92;urn:stakeholders:92;DummySupplierName92
PC_93;ProcessChain93;urn:stakeholders:93;DummySupplierName93
PC_94;ProcessChain94;urn:stakeholders:94;DummySupplierName94
PC_95;ProcessChain95;urn:stakeholders:95;DummySupplierName95
PC_96;ProcessChain96;urn:stakeholders:96;DummySupplierName96
PC_97;ProcessChain97;urn:stakeholders:97;DummySupplierName97
PC_98;ProcessChain98;urn:stakeholders:98;DummySupplierName98
PC_99;ProcessChain99;urn:stakeholders:99;DummySupplierName99
PC_100;ProcessChain100;urn:stakeholders:100;DummySupplierName100
PC_101;ProcessChain101;urn:stakeholders:101;DummySupplierName101
PC_102;ProcessChain102;urn:stakeholders:102;DummySupplierName102
PC_103;ProcessChain103;urn:stakeholders:103;DummySupplierName103
PC_104;ProcessChain104;urn:stakeholders:104;DummySupplierName104
PC_105;ProcessChain105;urn:stakeholders:105;DummySupplierName105
PC_106;ProcessChain106;urn:stakeholders:106;DummySupplierName106
PC_107;ProcessChain107;urn:stakeholders:107;DummySupplierName107
PC_108;ProcessChain108;urn:stakeholders:108;DummySupplierName108
PC_109;ProcessChain109;urn:stakeholders:109;DummySupplierName109
PC_110;ProcessChain110;urn:stakeholders:110;DummySupplierName110
PC_111;ProcessChain111;urn:stakeholders:111;DummySupplierName111
PC_112;ProcessChain112;urn:stakeholders:112;DummySupplierName112
PC_113;ProcessChain113;urn:stakeholders:113;DummySupplierName113
PC_114;ProcessChain114;urn:stakeholders:114;DummySupplierName114
PC_115;ProcessChain115;urn:stakeholders:115;DummySupplierName115
PC_116;ProcessChain116;urn:stakeholders:116;DummySupplierName116
PC_117;ProcessChain117;urn:stakeholders:117;DummySupplierName117
PC_118;ProcessChain118;urn:stakeholders:118;DummySupplierName118
PC_119;ProcessChain119;urn:stakeholders:119;DummySupplierName119
PC_120;ProcessChain120;urn:stakeholders:120;DummySupplierName120
PC_121;ProcessChain121;urn:stakeholders:121;DummySupplierName121
PC_122;ProcessChain122;urn:stakeholders:122;DummySupplierName122
PC_123;ProcessChain123;urn:stakeholders:123;DummySupplierName123
PC_124;ProcessChain124;urn:stakeholders:124;DummySupplierName124
PC_125;ProcessChain125;urn:stakeholders:125;DummySupplierName125
PC_126;ProcessChain126;urn:stakeholders:126;DummySupplierName126
PC_127;ProcessChain127;urn:stakeholders:127;DummySupplierName127
PC_128;ProcessChain128;urn:stakeholders:128;DummySupplierName128
PC_129;ProcessChain129;urn:stakeholders:129;DummySupplierName129
PC_130;ProcessChain130;urn:stakeholders:130;DummySupplierName130
PC_131;ProcessChain131;urn:stakeholders:131;DummySupplierName131
PC_132;ProcessChain132;urn:stakeholders:132;DummySupplierName132
PC_133;ProcessChain133;urn:stakeholders:133;DummySupplierName133
PC_134;ProcessChain134;urn:stakeholders:134;DummySupplierName134
PC_135;ProcessChain135;urn:stakeholders:135;DummySupplierName135
PC_136;ProcessChain136;urn:stakeholders:136;DummySupplierName136
PC_137;ProcessChain137;urn:stakeholders:137;DummySupplierName137
PC_138;ProcessChain138;urn:stakeholders:138;DummySupplierName138
PC_139;ProcessChain139;urn:stakeholders:139;DummySupplierName139
PC_140;ProcessChain140;urn:stakeholders:140;DummySupplierName140
PC_141;ProcessChain141;urn:stakeholders:141;DummySupplierName141
PC_142;ProcessChain142;urn:stakeholders:142;DummySupplierName142
PC_143;ProcessChain143;urn:stakeholders:143;DummySupplierName143
PC_144;ProcessChain144;urn:stakeholders:144;DummySupplierName144
PC_145;ProcessChain145;urn:stakeholders:145;DummySupplierName145
PC_146;ProcessChain146;urn:stakeholders:146;DummySupplierName146
PC_147;ProcessChain147;urn:stakeholders:147;DummySupplierName147
PC_148;ProcessChain148;urn:stakeholders:148;DummySupplierName148
PC_149;ProcessChain149;urn:stakeholders:149;DummySupplierName149
PC_150;ProcessChain150;urn:stakeholders:150;DummySupplierName150
PC_151;ProcessChain151;urn:stakeholders:151;DummySupplierName151
PC_152;ProcessChain152;urn:stakeholders:152;DummySupplierName152
PC_153;ProcessChain153;urn:stakeholders:153;DummySupplierName153
PC_154;ProcessChain154;urn:stakeholders:154;DummySupplierName154
PC_155;ProcessChain155;urn:stakeholders:155;DummySupplierName155
PC_156;ProcessChain156;urn:stakeholders:156;DummySupplierName156
PC_157;ProcessChain157;urn:stakeholders:157;DummySupplierName157
PC_158;ProcessChain158;urn:stakeholders:158;DummySupplierName158
PC_159;ProcessChain159;urn:stakeholders:159;DummySupplierName159
PC_160;ProcessChain160;urn:stakeholders:160;DummySupplierName160
PC_161;ProcessChain161;urn:stakeholders:161;DummySupplierName161
PC_162;ProcessChain162;urn:stakeholders:162;DummySupplierName162
PC_163;ProcessChain163;urn:stakeholders:163;DummySupplierName163
PC_164;ProcessChain164;urn:stakeholders:164;DummySupplierName164
PC_165;ProcessChain165;urn:stakeholders:165;DummySupplierName165
PC_166;ProcessChain166;urn:stakeholders:166;DummySupplierName166
PC_167;ProcessChain167;urn:stakeholders:167;DummySupplierName167
PC_168;ProcessChain168;urn:stakeholders:168;DummySupplierName168
PC_169;ProcessChain169;urn:stakeholders:169;DummySupplierName169
PC_170;ProcessChain170;urn:stakeholders:170;DummySupplierName170
PC_171;ProcessChain171;urn:stakeholders:171;DummySupplierName171
PC_172;ProcessChain172;urn:stakeholders:172;DummySupplierName172
PC_173;ProcessChain173;urn:stakeholders:173;DummySupplierName173
PC_174;ProcessChain174;urn:stakeholders:174;DummySupplierName174
PC_175;ProcessChain175;urn:stakeholders:175;DummySupplierName175
PC_176;ProcessChain176;urn:stakeholders:176;DummySupplierName176
PC_177;ProcessChain177;urn:stakeholders:177;DummySupplierName177
PC_178;ProcessChain178;urn:stakeholders:178;DummySupplierName178
PC_179;ProcessChain179;urn:stakeholders:179;DummySupplierName179
PC_180;ProcessChain180;urn:stakeholders:180;DummySupplierName180
PC_181;ProcessChain181;urn:stakeholders:181;DummySupplierName181
PC_182;ProcessChain182;urn:stakeholders:182;DummySupplierName182
PC_183;ProcessChain183;urn:stakeholders:183;DummySupplierName183
PC_184;ProcessChain184;urn:stakeholders:184;DummySupplierName184
PC_185;ProcessChain185;urn:stakeholders:185;DummySupplierName185
PC_186;ProcessChain186;urn:stakeholders:186;DummySupplierName186
PC_187;ProcessChain187;urn:stakeholders:187;DummySupplierName187
PC_188;ProcessChain188;urn:stakeholders:188;DummySupplierName188
PC_189;ProcessChain189;urn:stakeholders:189;DummySupplierName189
PC_190;ProcessChain190;urn:stakeholders:190;DummySupplierName190
PC_191;ProcessChain191;urn:stakeholders:191;DummySupplierName191
PC_192;ProcessChain192;urn:stakeholders:192;DummySupplierName192
PC_193;ProcessChain193;urn:stakeholders:193;DummySupplierName193
PC_194;ProcessChain194;urn:stakeholders:194;DummySupplierName194
PC_195;ProcessChain195;urn:stakeholders:195;DummySupplierName195
PC_196;ProcessChain196;urn:stakeholders:196;DummySupplierName196
PC_197;ProcessChain197;urn:stakeholders:197;DummySupplierName197
PC_198;ProcessChain198;urn:stakeholders:198;DummySupplierName198
PC_199;ProcessChain199;urn:stakeholders:199;DummySupplierName199
PC_200;ProcessChain200;urn:stakeholders:200;DummySupplierName200